Variable,Feature,Hour,¦Â,R2,P,avg_UTCI,avg_air_temp,avg_relative_humidity,avg_MRT,avg_wind_speed
UTCI,mean_tree_height,8,-0.275895096,0.993066461,2.01E-15,29.9497,26.759344,91.58767,27.853554,0.95330864
UTCI,mean_tree_height,9,-0.214276374,0.988072266,7.23E-15,34.190483,28.674576,84.249275,37.33753,0.640349
UTCI,mean_tree_height,10,-0.1985078,0.988986434,4.14E-15,36.493423,30.680185,77.313,44.759624,1.373024
UTCI,mean_tree_height,11,-0.163493664,0.965152595,1.33E-11,38.05563,31.747183,70.24854,49.240795,1.3792592
UTCI,mean_tree_height,12,-0.191185998,0.966133766,1.09E-11,40.744576,33.075314,64.8039,54.666256,0.98492485
UTCI,mean_tree_height,13,-0.190201643,0.990925397,1.16E-14,40.541843,33.56245,66.01387,57.242165,2.295845
UTCI,mean_tree_height,14,-0.18459671,0.962664644,7.54E-13,35.90558,30.916485,67.768616,57.527584,4.349506
UTCI,mean_tree_height,15,-0.199156564,0.997072848,3.95E-10,37.888226,30.408379,69.79076,56.805546,1.7003468
UTCI,mean_tree_height,16,-0.269458587,0.9872361,1.16E-14,37.717678,31.665348,63.201992,52.270844,1.3730094
UTCI,mean_tree_height,17,-0.277904293,0.976490451,8.40E-13,37.465744,30.315516,71.262985,52.61126,1.3716372
UTCI,mean_tree_height,18,-0.260693377,0.998239509,1.10E-20,32.19445,28.622053,76.283005,34.36777,0.98473024
UTCI,mean_tree_height,19,-0.217627865,0.993441267,1.40E-15,30.558544,27.523672,83.82451,30.866632,0.9851383
UTCI,mean_building_height,8,1.337726032,0.8932626,3.50E-07,29.9497,26.759344,91.58767,27.853554,0.95330864
UTCI,mean_building_height,9,1.113796481,0.937334779,1.03E-06,34.190483,28.674576,84.249275,37.33753,0.640349
UTCI,mean_building_height,10,1.28244559,0.866404298,1.36E-06,36.493423,30.680185,77.313,44.759624,1.373024
UTCI,mean_building_height,11,0.563410006,0.926984431,0.000502449,38.05563,31.747183,70.24854,49.240795,1.3792592
UTCI,mean_building_height,12,0.603638278,0.926567942,0.000509725,40.744576,33.075314,64.8039,54.666256,0.98492485
UTCI,mean_building_height,13,0.52017346,0.936281841,0.000356192,40.541843,33.56245,66.01387,57.242165,2.295845
UTCI,mean_building_height,14,0.460718379,0.974482185,1.17E-07,35.90558,30.916485,67.768616,57.527584,4.349506
UTCI,mean_building_height,15,1.080815576,0.916386347,2.23E-08,37.888226,30.408379,69.79076,56.805546,1.7003468
UTCI,mean_building_height,16,1.489643009,0.831277432,5.63E-06,37.717678,31.665348,63.201992,52.270844,1.3730094
UTCI,mean_building_height,17,1.091899222,0.928173334,7.50E-06,37.465744,30.315516,71.262985,52.61126,1.3716372
UTCI,mean_building_height,18,0.563734612,0.958179035,1.65E-07,32.19445,28.622053,76.283005,34.36777,0.98473024
UTCI,mean_building_height,19,0.563586492,0.966414954,1.87E-09,30.558544,27.523672,83.82451,30.866632,0.9851383
UTCI,tree_proportion,8,-0.530831106,0.481588434,0.0381005,29.9497,26.759344,91.58767,27.853554,0.95330864
UTCI,tree_proportion,9,-0.241530424,0.6732329,0.000178612,34.190483,28.674576,84.249275,37.33753,0.640349
UTCI,tree_proportion,10,-0.285173277,0.708096953,0.000310603,36.493423,30.680185,77.313,44.759624,1.373024
UTCI,tree_proportion,11,-0.154072832,0.68121663,0.000278001,38.05563,31.747183,70.24854,49.240795,1.3792592
UTCI,tree_proportion,12,-0.147267408,0.455155958,0.00414586,40.744576,33.075314,64.8039,54.666256,0.98492485
UTCI,tree_proportion,13,-0.177804505,0.733216247,9.27E-05,40.541843,33.56245,66.01387,57.242165,2.295845
UTCI,tree_proportion,14,-0.051139829,0.076416995,0.31858733,35.90558,30.916485,67.768616,57.527584,4.349506
UTCI,tree_proportion,15,-0.185388567,0.746143324,1.61E-05,37.888226,30.408379,69.79076,56.805546,1.7003468
UTCI,tree_proportion,16,-0.307699334,0.876735185,2.83E-07,37.717678,31.665348,63.201992,52.270844,1.3730094
UTCI,tree_proportion,17,-0.273960442,0.870876184,4.63E-08,37.465744,30.315516,71.262985,52.61126,1.3716372
UTCI,tree_proportion,18,-1.024183123,0.93279668,3.47E-07,32.19445,28.622053,76.283005,34.36777,0.98473024
UTCI,tree_proportion,19,-1.155949102,0.850566743,0.003102489,30.558544,27.523672,83.82451,30.866632,0.9851383
UTCI,building_proportion,8,1.09886625,0.84343108,1.36E-06,29.9497,26.759344,91.58767,27.853554,0.95330864
UTCI,building_proportion,9,1.130620499,0.871554239,1.07E-06,34.190483,28.674576,84.249275,37.33753,0.640349
UTCI,building_proportion,10,0.819774447,0.936773233,8.71E-10,36.493423,30.680185,77.313,44.759624,1.373024
UTCI,building_proportion,11,0.87458023,0.882880747,2.21E-08,38.05563,31.747183,70.24854,49.240795,1.3792592
UTCI,building_proportion,12,0.88441659,0.896061908,8.98E-09,40.744576,33.075314,64.8039,54.666256,0.98492485
UTCI,building_proportion,13,0.458539707,0.955438522,2.19E-07,40.541843,33.56245,66.01387,57.242165,2.295845
UTCI,building_proportion,14,0.412245486,0.961910179,3.74E-09,35.90558,30.916485,67.768616,57.527584,4.349506
UTCI,building_proportion,15,0.951928687,0.880296085,2.61E-08,37.888226,30.408379,69.79076,56.805546,1.7003468
UTCI,building_proportion,16,1.009995583,0.925080828,7.60E-10,37.717678,31.665348,63.201992,52.270844,1.3730094
UTCI,building_proportion,17,1.11747183,0.841861552,6.90E-05,37.465744,30.315516,71.262985,52.61126,1.3716372
UTCI,building_proportion,18,0.447176648,0.944153165,3.09E-08,32.19445,28.622053,76.283005,34.36777,0.98473024
UTCI,building_proportion,19,0.391735864,0.924716831,1.61E-07,30.558544,27.523672,83.82451,30.866632,0.9851383
UTCI,st1_proportion,8,0.722264146,0.939804924,3.48E-11,29.9497,26.759344,91.58767,27.853554,0.95330864
UTCI,st1_proportion,9,0.840737179,0.824885661,2.84E-06,34.190483,28.674576,84.249275,37.33753,0.640349
UTCI,st1_proportion,10,0.865387442,0.789614991,1.88E-06,36.493423,30.680185,77.313,44.759624,1.373024
UTCI,st1_proportion,11,0.353605724,0.892668775,0.00012316,38.05563,31.747183,70.24854,49.240795,1.3792592
UTCI,st1_proportion,12,0.483034402,0.95352021,4.37E-12,40.744576,33.075314,64.8039,54.666256,0.98492485
UTCI,st1_proportion,13,0.309823118,0.908583419,1.98E-05,40.541843,33.56245,66.01387,57.242165,2.295845
UTCI,st1_proportion,14,0.235400595,0.915764736,3.92E-06,35.90558,30.916485,67.768616,57.527584,4.349506
UTCI,st1_proportion,15,0.352512387,0.967808033,1.32E-12,37.888226,30.408379,69.79076,56.805546,1.7003468
UTCI,st1_proportion,16,0.367170169,0.963579492,1.81E-11,37.717678,31.665348,63.201992,52.270844,1.3730094
UTCI,st1_proportion,17,0.451588396,0.963794842,9.45E-11,37.465744,30.315516,71.262985,52.61126,1.3716372
UTCI,st1_proportion,18,0.830163051,0.965802284,0.118409248,32.19445,28.622053,76.283005,34.36777,0.98473024
UTCI,st1_proportion,19,0.870361706,0.958959183,0.129868702,30.558544,27.523672,83.82451,30.866632,0.9851383
UTCI,st2_proportion,8,1.413433326,0.985485584,0.076884028,29.9497,26.759344,91.58767,27.853554,0.95330864
UTCI,st2_proportion,9,0.148603813,0.971594608,5.16E-13,34.190483,28.674576,84.249275,37.33753,0.640349
UTCI,st2_proportion,10,0.194432635,0.951681628,1.27E-12,36.493423,30.680185,77.313,44.759624,1.373024
UTCI,st2_proportion,11,0.220002551,0.992134939,5.36E-14,38.05563,31.747183,70.24854,49.240795,1.3792592
UTCI,st2_proportion,12,0.164730266,0.962372441,1.51E-13,40.744576,33.075314,64.8039,54.666256,0.98492485
UTCI,st2_proportion,13,0.432115453,0.978671732,1.10E-09,40.541843,33.56245,66.01387,57.242165,2.295845
UTCI,st2_proportion,14,0.24539232,0.942509593,1.93E-09,35.90558,30.916485,67.768616,57.527584,4.349506
UTCI,st2_proportion,15,0.215680149,0.970556279,1.87E-14,37.888226,30.408379,69.79076,56.805546,1.7003468
UTCI,st2_proportion,16,0.286478599,0.996543232,2.17E-12,37.717678,31.665348,63.201992,52.270844,1.3730094
UTCI,st2_proportion,17,0.295128093,0.997844963,1.74E-06,37.465744,30.315516,71.262985,52.61126,1.3716372
UTCI,st2_proportion,18,0.929215701,0.983127078,1.83E-07,32.19445,28.622053,76.283005,34.36777,0.98473024
UTCI,st2_proportion,19,1.247584222,0.984169366,1.73E-08,30.558544,27.523672,83.82451,30.866632,0.9851383
UTCI,st3_proportion,8,3.812178574,0.971405143,0.108172259,29.9497,26.759344,91.58767,27.853554,0.95330864
UTCI,st3_proportion,9,4.170990958,,,34.190483,28.674576,84.249275,37.33753,0.640349
UTCI,st3_proportion,10,3.47068769,0.99771744,0.030426822,36.493423,30.680185,77.313,44.759624,1.373024
UTCI,st3_proportion,11,0.251646037,,,38.05563,31.747183,70.24854,49.240795,1.3792592
UTCI,st3_proportion,12,3.169512563,0.99494961,0.045280249,40.744576,33.075314,64.8039,54.666256,0.98492485
UTCI,st3_proportion,13,0.904034666,,,40.541843,33.56245,66.01387,57.242165,2.295845
UTCI,st3_proportion,14,1.985630365,,,35.90558,30.916485,67.768616,57.527584,4.349506
UTCI,st3_proportion,15,3.779532607,0.996764537,0.036231207,37.888226,30.408379,69.79076,56.805546,1.7003468
UTCI,st3_proportion,16,3.549126102,0.961324758,0.12601917,37.717678,31.665348,63.201992,52.270844,1.3730094
UTCI,st3_proportion,17,3.312311196,0.885990893,0.058729107,37.465744,30.315516,71.262985,52.61126,1.3716372
UTCI,st3_proportion,18,1.062379467,0.944497254,0.000251463,32.19445,28.622053,76.283005,34.36777,0.98473024
UTCI,st3_proportion,19,1.057242346,0.982139064,1.22E-13,30.558544,27.523672,83.82451,30.866632,0.9851383
UTCI,st5_proportion,8,0.041006843,0.990552438,3.36E-05,29.9497,26.759344,91.58767,27.853554,0.95330864
UTCI,st5_proportion,9,0.106025396,0.977987621,4.65E-07,34.190483,28.674576,84.249275,37.33753,0.640349
UTCI,st5_proportion,10,0.307191107,0.987823848,5.58E-05,36.493423,30.680185,77.313,44.759624,1.373024
UTCI,st5_proportion,11,0.456078016,0.958383992,0.003649141,38.05563,31.747183,70.24854,49.240795,1.3792592
UTCI,st5_proportion,12,0.311140108,0.939793719,0.001387541,40.744576,33.075314,64.8039,54.666256,0.98492485
UTCI,st5_proportion,13,0.305288338,0.942492004,0.001264762,40.541843,33.56245,66.01387,57.242165,2.295845
UTCI,st5_proportion,14,0.317386105,0.929708443,0.008082773,35.90558,30.916485,67.768616,57.527584,4.349506
UTCI,st5_proportion,15,0.228857103,0.914481193,0.000749515,37.888226,30.408379,69.79076,56.805546,1.7003468
UTCI,st5_proportion,16,0.118458218,0.983595761,1.39E-06,37.717678,31.665348,63.201992,52.270844,1.3730094
UTCI,st5_proportion,17,0.016383919,0.02714048,0.542054157,37.465744,30.315516,71.262985,52.61126,1.3716372
UTCI,st5_proportion,18,-0.036186214,0.455481441,0.008095864,32.19445,28.622053,76.283005,34.36777,0.98473024
UTCI,st5_proportion,19,0.270061103,0.884506326,0.059518035,30.558544,27.523672,83.82451,30.866632,0.9851383
air_temp,mean_tree_height,8,-0.266798291,0.970628765,1.47E-10,29.9497,26.759344,91.58767,27.853554,0.95330864
air_temp,mean_tree_height,9,-0.199160612,0.990909124,1.17E-14,34.190483,28.674576,84.249275,37.33753,0.640349
air_temp,mean_tree_height,10,-0.21210938,0.984046608,5.55E-14,36.493423,30.680185,77.313,44.759624,1.373024
air_temp,mean_tree_height,11,-0.205834133,0.981513098,1.56E-13,38.05563,31.747183,70.24854,49.240795,1.3792592
air_temp,mean_tree_height,12,-0.211167186,0.978484665,4.51E-13,40.744576,33.075314,64.8039,54.666256,0.98492485
air_temp,mean_tree_height,13,-0.218861864,0.979197029,3.56E-13,40.541843,33.56245,66.01387,57.242165,2.295845
air_temp,mean_tree_height,14,-0.193912498,0.961539178,2.65E-11,35.90558,30.916485,67.768616,57.527584,4.349506
air_temp,mean_tree_height,15,-0.214167407,0.970849443,3.80E-12,37.888226,30.408379,69.79076,56.805546,1.7003468
air_temp,mean_tree_height,16,-0.242283559,0.984287782,4.99E-14,37.717678,31.665348,63.201992,52.270844,1.3730094
air_temp,mean_tree_height,17,-0.237106895,0.981836068,1.38E-13,37.465744,30.315516,71.262985,52.61126,1.3716372
air_temp,mean_tree_height,18,-0.239248548,0.988751853,4.80E-15,32.19445,28.622053,76.283005,34.36777,0.98473024
air_temp,mean_tree_height,19,-0.222377199,0.990682971,1.28E-15,30.558544,27.523672,83.82451,30.866632,0.9851383
air_temp,mean_building_height,8,0.920967149,0.804323965,0.002536523,29.9497,26.759344,91.58767,27.853554,0.95330864
air_temp,mean_building_height,9,2.700610635,,,34.190483,28.674576,84.249275,37.33753,0.640349
air_temp,mean_building_height,10,1.098152982,0.956777155,3.00E-10,36.493423,30.680185,77.313,44.759624,1.373024
air_temp,mean_building_height,11,0.635940581,0.900167682,0.00032332,38.05563,31.747183,70.24854,49.240795,1.3792592
air_temp,mean_building_height,12,0.593331261,0.936500204,1.93E-05,40.744576,33.075314,64.8039,54.666256,0.98492485
air_temp,mean_building_height,13,0.681152756,0.892965207,0.001324524,40.541843,33.56245,66.01387,57.242165,2.295845
air_temp,mean_building_height,14,0.662577261,0.912182076,0.000219002,35.90558,30.916485,67.768616,57.527584,4.349506
air_temp,mean_building_height,15,0.608455851,0.930686957,2.62E-05,37.888226,30.408379,69.79076,56.805546,1.7003468
air_temp,mean_building_height,16,0.68170712,0.920791603,0.000160142,37.717678,31.665348,63.201992,52.270844,1.3730094
air_temp,mean_building_height,17,0.743806116,0.892006363,0.001354895,37.465744,30.315516,71.262985,52.61126,1.3716372
air_temp,mean_building_height,18,0.677780358,0.856919743,0.002776019,32.19445,28.622053,76.283005,34.36777,0.98473024
air_temp,mean_building_height,19,0.639945174,0.86130798,0.000881046,30.558544,27.523672,83.82451,30.866632,0.9851383
air_temp,tree_proportion,8,-0.742333183,0.613292258,0.007379762,29.9497,26.759344,91.58767,27.853554,0.95330864
air_temp,tree_proportion,9,-0.843536309,0.77012374,0.000384623,34.190483,28.674576,84.249275,37.33753,0.640349
air_temp,tree_proportion,10,-0.840268572,0.863533604,1.55E-06,36.493423,30.680185,77.313,44.759624,1.373024
air_temp,tree_proportion,11,-0.316423674,0.96609267,6.17E-11,38.05563,31.747183,70.24854,49.240795,1.3792592
air_temp,tree_proportion,12,-0.305317528,0.969179141,3.31E-11,40.744576,33.075314,64.8039,54.666256,0.98492485
air_temp,tree_proportion,13,-0.34814092,0.955307988,3.73E-10,40.541843,33.56245,66.01387,57.242165,2.295845
air_temp,tree_proportion,14,-0.270911071,0.972381123,2.60E-12,35.90558,30.916485,67.768616,57.527584,4.349506
air_temp,tree_proportion,15,-0.3020266,0.979051766,3.74E-13,37.888226,30.408379,69.79076,56.805546,1.7003468
air_temp,tree_proportion,16,-0.438720563,0.965888628,6.41E-11,37.717678,31.665348,63.201992,52.270844,1.3730094
air_temp,tree_proportion,17,-0.418700847,0.964221604,8.75E-11,37.465744,30.315516,71.262985,52.61126,1.3716372
air_temp,tree_proportion,18,-0.474019299,0.970601846,2.43E-11,32.19445,28.622053,76.283005,34.36777,0.98473024
air_temp,tree_proportion,19,-0.418515743,0.975808266,6.84E-12,30.558544,27.523672,83.82451,30.866632,0.9851383
air_temp,building_proportion,8,1.087524487,0.916361774,1.74E-09,29.9497,26.759344,91.58767,27.853554,0.95330864
air_temp,building_proportion,9,0.719460403,0.769280104,0.001897,34.190483,28.674576,84.249275,37.33753,0.640349
air_temp,building_proportion,10,1.127598242,0.915092121,1.95E-09,36.493423,30.680185,77.313,44.759624,1.373024
air_temp,building_proportion,11,0.529118356,0.912134747,4.74E-06,38.05563,31.747183,70.24854,49.240795,1.3792592
air_temp,building_proportion,12,0.491730136,0.916594074,3.75E-06,40.744576,33.075314,64.8039,54.666256,0.98492485
air_temp,building_proportion,13,0.589964414,0.931411324,1.54E-06,40.541843,33.56245,66.01387,57.242165,2.295845
air_temp,building_proportion,14,0.543728032,0.916157039,3.84E-06,35.90558,30.916485,67.768616,57.527584,4.349506
air_temp,building_proportion,15,0.488730881,0.911962138,4.79E-06,37.888226,30.408379,69.79076,56.805546,1.7003468
air_temp,building_proportion,16,0.747009699,0.964783094,1.43E-11,37.717678,31.665348,63.201992,52.270844,1.3730094
air_temp,building_proportion,17,0.841007923,0.973164651,5.35E-14,37.465744,30.315516,71.262985,52.61126,1.3716372
air_temp,building_proportion,18,0.513466744,0.875303929,6.97E-05,32.19445,28.622053,76.283005,34.36777,0.98473024
air_temp,building_proportion,19,0.490023264,0.839678516,0.000193542,30.558544,27.523672,83.82451,30.866632,0.9851383
air_temp,st1_proportion,8,1.856879149,0.752974407,0.05657997,29.9497,26.759344,91.58767,27.853554,0.95330864
air_temp,st1_proportion,9,2.100417172,0.86481153,0.002401273,34.190483,28.674576,84.249275,37.33753,0.640349
air_temp,st1_proportion,10,0.530214438,0.941657664,1.16E-10,36.493423,30.680185,77.313,44.759624,1.373024
air_temp,st1_proportion,11,0.34369218,0.968099197,1.23E-12,38.05563,31.747183,70.24854,49.240795,1.3792592
air_temp,st1_proportion,12,0.438236408,0.984559583,1.16E-06,40.744576,33.075314,64.8039,54.666256,0.98492485
air_temp,st1_proportion,13,0.345975699,0.972521187,4.02E-13,40.541843,33.56245,66.01387,57.242165,2.295845
air_temp,st1_proportion,14,0.324215048,0.979837041,3.93E-14,35.90558,30.916485,67.768616,57.527584,4.349506
air_temp,st1_proportion,15,0.267278187,0.978668132,6.00E-14,37.888226,30.408379,69.79076,56.805546,1.7003468
air_temp,st1_proportion,16,0.303341125,0.980136287,3.52E-14,37.717678,31.665348,63.201992,52.270844,1.3730094
air_temp,st1_proportion,17,0.298478935,0.982996828,1.09E-14,37.465744,30.315516,71.262985,52.61126,1.3716372
air_temp,st1_proportion,18,0.282284312,0.977359697,9.39E-14,32.19445,28.622053,76.283005,34.36777,0.98473024
air_temp,st1_proportion,19,0.276555457,0.968205415,1.20E-12,30.558544,27.523672,83.82451,30.866632,0.9851383
air_temp,st2_proportion,8,0.236984286,0.39950092,0.004889703,29.9497,26.759344,91.58767,27.853554,0.95330864
air_temp,st2_proportion,9,0.601798868,0.922088478,3.96E-05,34.190483,28.674576,84.249275,37.33753,0.640349
air_temp,st2_proportion,10,1.050552209,0.969405546,0.015416054,36.493423,30.680185,77.313,44.759624,1.373024
air_temp,st2_proportion,11,0.276833325,0.97298916,1.40E-11,38.05563,31.747183,70.24854,49.240795,1.3792592
air_temp,st2_proportion,12,0.208236555,0.927667692,8.64E-09,40.744576,33.075314,64.8039,54.666256,0.98492485
air_temp,st2_proportion,13,0.63351291,0.920594696,4.24E-05,40.541843,33.56245,66.01387,57.242165,2.295845
air_temp,st2_proportion,14,-0.109225273,0.940803643,0.03004967,35.90558,30.916485,67.768616,57.527584,4.349506
air_temp,st2_proportion,15,0.317606327,0.962862648,1.12E-10,37.888226,30.408379,69.79076,56.805546,1.7003468
air_temp,st2_proportion,16,0.490814037,0.987394327,7.37E-10,37.717678,31.665348,63.201992,52.270844,1.3730094
air_temp,st2_proportion,17,0.614129573,0.9607174,3.55E-06,37.465744,30.315516,71.262985,52.61126,1.3716372
air_temp,st2_proportion,18,0.762696427,0.95789888,4.53E-06,32.19445,28.622053,76.283005,34.36777,0.98473024
air_temp,st2_proportion,19,0.794855199,0.985902649,1.09E-08,30.558544,27.523672,83.82451,30.866632,0.9851383
air_temp,st3_proportion,8,5.087268713,,,29.9497,26.759344,91.58767,27.853554,0.95330864
air_temp,st3_proportion,9,36.55139789,,,34.190483,28.674576,84.249275,37.33753,0.640349
air_temp,st3_proportion,10,3.446542134,,,36.493423,30.680185,77.313,44.759624,1.373024
air_temp,st3_proportion,11,1.38849368,0.959563893,0.128894992,38.05563,31.747183,70.24854,49.240795,1.3792592
air_temp,st3_proportion,12,1.690242645,,,40.744576,33.075314,64.8039,54.666256,0.98492485
air_temp,st3_proportion,13,1.413725384,0.949878333,0.143743887,40.541843,33.56245,66.01387,57.242165,2.295845
air_temp,st3_proportion,14,1.764849298,,,35.90558,30.916485,67.768616,57.527584,4.349506
air_temp,st3_proportion,15,0.724657463,0.9255613,0.000527576,37.888226,30.408379,69.79076,56.805546,1.7003468
air_temp,st3_proportion,16,0.983381824,0.871730624,0.00645452,37.717678,31.665348,63.201992,52.270844,1.3730094
air_temp,st3_proportion,17,0.819413124,0.926664361,0.002068233,37.465744,30.315516,71.262985,52.61126,1.3716372
air_temp,st3_proportion,18,1.015891032,0.930124549,0.000449622,32.19445,28.622053,76.283005,34.36777,0.98473024
air_temp,st3_proportion,19,0.907522317,0.923807399,0.000559577,30.558544,27.523672,83.82451,30.866632,0.9851383
air_temp,st5_proportion,8,0.116312607,0.971697219,1.12E-06,29.9497,26.759344,91.58767,27.853554,0.95330864
air_temp,st5_proportion,9,0.155337918,0.9882753,5.18E-05,34.190483,28.674576,84.249275,37.33753,0.640349
air_temp,st5_proportion,10,0.19547872,0.961755747,3.23E-06,36.493423,30.680185,77.313,44.759624,1.373024
air_temp,st5_proportion,11,0.120075561,0.800558417,0.040341732,38.05563,31.747183,70.24854,49.240795,1.3792592
air_temp,st5_proportion,12,-0.0382745,0.295678627,0.044437275,40.744576,33.075314,64.8039,54.666256,0.98492485
air_temp,st5_proportion,13,0.277569126,0.902071354,0.013409813,40.541843,33.56245,66.01387,57.242165,2.295845
air_temp,st5_proportion,14,-0.074331935,0.700328302,5.30E-05,35.90558,30.916485,67.768616,57.527584,4.349506
air_temp,st5_proportion,15,-0.079016734,0.687898873,7.09E-05,37.888226,30.408379,69.79076,56.805546,1.7003468
air_temp,st5_proportion,16,0.269498962,0.936838193,0.001528696,37.717678,31.665348,63.201992,52.270844,1.3730094
air_temp,st5_proportion,17,0.281756145,0.940660522,0.001347466,37.465744,30.315516,71.262985,52.61126,1.3716372
air_temp,st5_proportion,18,0.152606702,0.911929146,0.000807482,32.19445,28.622053,76.283005,34.36777,0.98473024
air_temp,st5_proportion,19,0.101454473,0.872873753,0.065722871,30.558544,27.523672,83.82451,30.866632,0.9851383
relative_humidity,mean_tree_height,8,0.025974941,0.374586845,0.011740895,29.9497,26.759344,91.58767,27.853554,0.95330864
relative_humidity,mean_tree_height,9,0.090428851,0.941755535,1.14E-10,34.190483,28.674576,84.249275,37.33753,0.640349
relative_humidity,mean_tree_height,10,0.102293223,0.941888269,6.14E-12,36.493423,30.680185,77.313,44.759624,1.373024
relative_humidity,mean_tree_height,11,0.115850106,0.986868123,1.94E-17,38.05563,31.747183,70.24854,49.240795,1.3792592
relative_humidity,mean_tree_height,12,0.123003673,0.992896723,1.05E-19,40.744576,33.075314,64.8039,54.666256,0.98492485
relative_humidity,mean_tree_height,13,0.118089878,0.986595736,2.31E-17,40.541843,33.56245,66.01387,57.242165,2.295845
relative_humidity,mean_tree_height,14,0.146047804,0.99665847,1.72E-22,35.90558,30.916485,67.768616,57.527584,4.349506
relative_humidity,mean_tree_height,15,0.137055888,0.993275848,6.55E-20,37.888226,30.408379,69.79076,56.805546,1.7003468
relative_humidity,mean_tree_height,16,0.119119051,0.976952986,2.33E-15,37.717678,31.665348,63.201992,52.270844,1.3730094
relative_humidity,mean_tree_height,17,0.118892439,0.978995083,1.06E-15,37.465744,30.315516,71.262985,52.61126,1.3716372
relative_humidity,mean_tree_height,18,0.116414813,0.967398704,4.46E-14,32.19445,28.622053,76.283005,34.36777,0.98473024
relative_humidity,mean_tree_height,19,0.117661814,0.97175471,1.32E-14,30.558544,27.523672,83.82451,30.866632,0.9851383
relative_humidity,mean_building_height,8,-0.376061051,0.745672286,3.36E-05,29.9497,26.759344,91.58767,27.853554,0.95330864
relative_humidity,mean_building_height,9,-0.427295698,0.72016874,3.24E-05,34.190483,28.674576,84.249275,37.33753,0.640349
relative_humidity,mean_building_height,10,-0.394653667,0.732184218,2.37E-05,36.493423,30.680185,77.313,44.759624,1.373024
relative_humidity,mean_building_height,11,-0.453639806,0.749389712,7.14E-06,38.05563,31.747183,70.24854,49.240795,1.3792592
relative_humidity,mean_building_height,12,-0.444996765,0.741459789,9.06E-06,40.744576,33.075314,64.8039,54.666256,0.98492485
relative_humidity,mean_building_height,13,-0.345832744,0.789836237,1.86E-06,40.541843,33.56245,66.01387,57.242165,2.295845
relative_humidity,mean_building_height,14,-0.351471597,0.792192743,1.71E-06,35.90558,30.916485,67.768616,57.527584,4.349506
relative_humidity,mean_building_height,15,-0.333481578,0.790681607,1.81E-06,37.888226,30.408379,69.79076,56.805546,1.7003468
relative_humidity,mean_building_height,16,-0.319689466,0.756258694,5.77E-06,37.717678,31.665348,63.201992,52.270844,1.3730094
relative_humidity,mean_building_height,17,-0.303386179,0.74245195,8.80E-06,37.465744,30.315516,71.262985,52.61126,1.3716372
relative_humidity,mean_building_height,18,-0.329371621,0.713529535,3.83E-05,32.19445,28.622053,76.283005,34.36777,0.98473024
relative_humidity,mean_building_height,19,-0.335563796,0.730916079,2.45E-05,30.558544,27.523672,83.82451,30.866632,0.9851383
relative_humidity,tree_proportion,8,0.022787944,0.221054007,0.239741915,29.9497,26.759344,91.58767,27.853554,0.95330864
relative_humidity,tree_proportion,9,0.040003843,0.659785823,4.22E-05,34.190483,28.674576,84.249275,37.33753,0.640349
relative_humidity,tree_proportion,10,0.095623914,0.944978194,2.56E-06,36.493423,30.680185,77.313,44.759624,1.373024
relative_humidity,tree_proportion,11,0.084962704,0.940036204,3.62E-06,38.05563,31.747183,70.24854,49.240795,1.3792592
relative_humidity,tree_proportion,12,0.087526268,0.942180152,3.13E-06,40.744576,33.075314,64.8039,54.666256,0.98492485
relative_humidity,tree_proportion,13,0.089026215,0.941386551,3.31E-06,40.541843,33.56245,66.01387,57.242165,2.295845
relative_humidity,tree_proportion,14,-11.37915048,,,35.90558,30.916485,67.768616,57.527584,4.349506
relative_humidity,tree_proportion,15,0.09071474,0.930644291,2.63E-05,37.888226,30.408379,69.79076,56.805546,1.7003468
relative_humidity,tree_proportion,16,0.098984808,0.949616406,1.80E-06,37.717678,31.665348,63.201992,52.270844,1.3730094
relative_humidity,tree_proportion,17,0.099379776,0.948235801,2.01E-06,37.465744,30.315516,71.262985,52.61126,1.3716372
relative_humidity,tree_proportion,18,0.099878835,0.956713604,9.77E-07,32.19445,28.622053,76.283005,34.36777,0.98473024
relative_humidity,tree_proportion,19,0.089351392,0.938335895,1.74E-05,30.558544,27.523672,83.82451,30.866632,0.9851383
relative_humidity,building_proportion,8,-0.565883844,0.814369086,1.74E-06,29.9497,26.759344,91.58767,27.853554,0.95330864
relative_humidity,building_proportion,9,-0.575664126,0.77570597,6.67E-06,34.190483,28.674576,84.249275,37.33753,0.640349
relative_humidity,building_proportion,10,-0.539217379,0.796068527,3.39E-06,36.493423,30.680185,77.313,44.759624,1.373024
relative_humidity,building_proportion,11,-0.492087946,0.856006338,1.06E-07,38.05563,31.747183,70.24854,49.240795,1.3792592
relative_humidity,building_proportion,12,-0.477807268,0.855562657,1.08E-07,40.744576,33.075314,64.8039,54.666256,0.98492485
relative_humidity,building_proportion,13,-0.471351124,0.829147654,3.86E-07,40.541843,33.56245,66.01387,57.242165,2.295845
relative_humidity,building_proportion,14,-0.441601305,0.838491792,2.52E-07,35.90558,30.916485,67.768616,57.527584,4.349506
relative_humidity,building_proportion,15,-0.439677411,0.827533543,4.15E-07,37.888226,30.408379,69.79076,56.805546,1.7003468
relative_humidity,building_proportion,16,-0.45008836,0.804746265,1.06E-06,37.717678,31.665348,63.201992,52.270844,1.3730094
relative_humidity,building_proportion,17,-0.43984482,0.78034061,2.61E-06,37.465744,30.315516,71.262985,52.61126,1.3716372
relative_humidity,building_proportion,18,-0.468257607,0.811012715,8.31E-07,32.19445,28.622053,76.283005,34.36777,0.98473024
relative_humidity,building_proportion,19,-0.467870258,0.829998305,3.72E-07,30.558544,27.523672,83.82451,30.866632,0.9851383
relative_humidity,st1_proportion,8,1.824324384,0.967225571,0.000407295,29.9497,26.759344,91.58767,27.853554,0.95330864
relative_humidity,st1_proportion,9,2.412410734,0.966615687,7.00E-05,34.190483,28.674576,84.249275,37.33753,0.640349
relative_humidity,st1_proportion,10,3.219492893,0.919057497,0.002526363,36.493423,30.680185,77.313,44.759624,1.373024
relative_humidity,st1_proportion,11,2.55821895,0.970430618,0.002177456,38.05563,31.747183,70.24854,49.240795,1.3792592
relative_humidity,st1_proportion,12,2.764927118,0.938703118,0.031133075,40.744576,33.075314,64.8039,54.666256,0.98492485
relative_humidity,st1_proportion,13,2.977454551,0.931608154,0.034801495,40.541843,33.56245,66.01387,57.242165,2.295845
relative_humidity,st1_proportion,14,3.218701575,0.916508948,0.042655262,35.90558,30.916485,67.768616,57.527584,4.349506
relative_humidity,st1_proportion,15,3.389454923,0.909283587,0.046436375,37.888226,30.408379,69.79076,56.805546,1.7003468
relative_humidity,st1_proportion,16,2.850160492,0.935519397,0.032777483,37.717678,31.665348,63.201992,52.270844,1.3730094
relative_humidity,st1_proportion,17,3.00635928,0.930142493,0.035561048,37.465744,30.315516,71.262985,52.61126,1.3716372
relative_humidity,st1_proportion,18,2.634249839,0.966280082,0.002655035,32.19445,28.622053,76.283005,34.36777,0.98473024
relative_humidity,st1_proportion,19,2.593389965,0.967080579,0.002560423,30.558544,27.523672,83.82451,30.866632,0.9851383
relative_humidity,st2_proportion,8,-0.021821044,0.292320706,0.045907554,29.9497,26.759344,91.58767,27.853554,0.95330864
relative_humidity,st2_proportion,9,-0.190912826,0.771719574,3.56E-05,34.190483,28.674576,84.249275,37.33753,0.640349
relative_humidity,st2_proportion,10,-0.285377951,0.84507192,3.35E-06,36.493423,30.680185,77.313,44.759624,1.373024
relative_humidity,st2_proportion,11,-0.386095449,0.834208149,1.98E-06,38.05563,31.747183,70.24854,49.240795,1.3792592
relative_humidity,st2_proportion,12,-0.406536498,0.814765455,4.12E-06,40.744576,33.075314,64.8039,54.666256,0.98492485
relative_humidity,st2_proportion,13,-0.448656708,0.82248811,7.67E-06,40.541843,33.56245,66.01387,57.242165,2.295845
relative_humidity,st2_proportion,14,-0.365898931,0.778243647,1.35E-05,35.90558,30.916485,67.768616,57.527584,4.349506
relative_humidity,st2_proportion,15,-0.42350608,0.843828021,1.34E-06,37.888226,30.408379,69.79076,56.805546,1.7003468
relative_humidity,st2_proportion,16,-0.111787268,0.997005929,6.96E-05,37.717678,31.665348,63.201992,52.270844,1.3730094
relative_humidity,st2_proportion,17,-0.326764314,0.866880142,1.33E-06,37.465744,30.315516,71.262985,52.61126,1.3716372
relative_humidity,st2_proportion,18,-0.350860712,0.848087509,2.97E-06,32.19445,28.622053,76.283005,34.36777,0.98473024
relative_humidity,st2_proportion,19,-0.363198695,0.812864337,1.06E-05,30.558544,27.523672,83.82451,30.866632,0.9851383
relative_humidity,st3_proportion,8,0.095078961,0.850078434,1.99E-05,29.9497,26.759344,91.58767,27.853554,0.95330864
relative_humidity,st3_proportion,9,0.023706499,0.536574122,0.004404396,34.190483,28.674576,84.249275,37.33753,0.640349
relative_humidity,st3_proportion,10,0.620184725,,,36.493423,30.680185,77.313,44.759624,1.373024
relative_humidity,st3_proportion,11,0.242794122,,,38.05563,31.747183,70.24854,49.240795,1.3792592
relative_humidity,st3_proportion,12,0.182214309,,,40.744576,33.075314,64.8039,54.666256,0.98492485
relative_humidity,st3_proportion,13,0.339166784,,,40.541843,33.56245,66.01387,57.242165,2.295845
relative_humidity,st3_proportion,14,0.295391636,,,35.90558,30.916485,67.768616,57.527584,4.349506
relative_humidity,st3_proportion,15,0.007548205,0.390468817,0.022403498,37.888226,30.408379,69.79076,56.805546,1.7003468
relative_humidity,st3_proportion,16,0.030192348,0.737126531,4.18E-05,37.717678,31.665348,63.201992,52.270844,1.3730094
relative_humidity,st3_proportion,17,0.520523686,,,37.465744,30.315516,71.262985,52.61126,1.3716372
relative_humidity,st3_proportion,18,-0.039927249,0.217260753,0.533887618,32.19445,28.622053,76.283005,34.36777,0.98473024
relative_humidity,st3_proportion,19,-0.00187729,0.035733108,0.517485824,30.558544,27.523672,83.82451,30.866632,0.9851383
relative_humidity,st5_proportion,8,-0.101174964,0.964833858,1.38E-05,29.9497,26.759344,91.58767,27.853554,0.95330864
relative_humidity,st5_proportion,9,-0.019761658,0.040961878,0.452217087,34.190483,28.674576,84.249275,37.33753,0.640349
relative_humidity,st5_proportion,10,-0.635604796,0.947071193,0.0002231,36.493423,30.680185,77.313,44.759624,1.373024
relative_humidity,st5_proportion,11,0.045206526,0.772249348,3.44E-06,38.05563,31.747183,70.24854,49.240795,1.3792592
relative_humidity,st5_proportion,12,-0.002751464,0.101542231,0.601248385,40.744576,33.075314,64.8039,54.666256,0.98492485
relative_humidity,st5_proportion,13,-0.010327069,0.74658637,0.012147817,40.541843,33.56245,66.01387,57.242165,2.295845
relative_humidity,st5_proportion,14,0.023594915,0.904921988,4.58E-09,35.90558,30.916485,67.768616,57.527584,4.349506
relative_humidity,st5_proportion,15,0.030989917,0.869937237,4.89E-08,37.888226,30.408379,69.79076,56.805546,1.7003468
relative_humidity,st5_proportion,16,-0.018264842,0.821701635,0.004882361,37.717678,31.665348,63.201992,52.270844,1.3730094
relative_humidity,st5_proportion,17,-0.013584351,0.72138331,0.007612021,37.465744,30.315516,71.262985,52.61126,1.3716372
relative_humidity,st5_proportion,18,0.022026112,0.562176462,0.001287366,32.19445,28.622053,76.283005,34.36777,0.98473024
relative_humidity,st5_proportion,19,0.036996597,0.778479491,2.78E-06,30.558544,27.523672,83.82451,30.866632,0.9851383
MRT,mean_tree_height,8,-0.23172677,0.965274867,2.33E-12,29.9497,26.759344,91.58767,27.853554,0.95330864
MRT,mean_tree_height,9,-0.18662023,0.99295078,5.38E-11,34.190483,28.674576,84.249275,37.33753,0.640349
MRT,mean_tree_height,10,-0.22052294,0.945250588,7.17E-11,36.493423,30.680185,77.313,44.759624,1.373024
MRT,mean_tree_height,11,-0.147957019,0.990068382,2.67E-09,38.05563,31.747183,70.24854,49.240795,1.3792592
MRT,mean_tree_height,12,-0.197936502,0.992819676,4.71E-12,40.744576,33.075314,64.8039,54.666256,0.98492485
MRT,mean_tree_height,13,-0.19359906,0.99618023,3.41E-12,40.541843,33.56245,66.01387,57.242165,2.295845
MRT,mean_tree_height,14,-0.203369233,0.995039427,1.66E-10,35.90558,30.916485,67.768616,57.527584,4.349506
MRT,mean_tree_height,15,-0.291343954,0.975189213,2.85E-14,37.888226,30.408379,69.79076,56.805546,1.7003468
MRT,mean_tree_height,16,-0.295543948,0.976276378,1.99E-14,37.717678,31.665348,63.201992,52.270844,1.3730094
MRT,mean_tree_height,17,-0.246712013,0.996016399,2.47E-13,37.465744,30.315516,71.262985,52.61126,1.3716372
MRT,mean_tree_height,18,-0.31081417,0.989858468,2.32E-15,32.19445,28.622053,76.283005,34.36777,0.98473024
MRT,mean_tree_height,19,-0.071528286,0.771491055,0.000170505,30.558544,27.523672,83.82451,30.866632,0.9851383
MRT,mean_building_height,8,1.458529798,0.943312667,2.89E-06,29.9497,26.759344,91.58767,27.853554,0.95330864
MRT,mean_building_height,9,0.938375365,0.912640414,4.62E-06,34.190483,28.674576,84.249275,37.33753,0.640349
MRT,mean_building_height,10,1.152461577,0.801149111,3.58E-05,36.493423,30.680185,77.313,44.759624,1.373024
MRT,mean_building_height,11,0.411109289,0.958863868,0.000643476,38.05563,31.747183,70.24854,49.240795,1.3792592
MRT,mean_building_height,12,0.383367869,0.941387937,0.001314298,40.744576,33.075314,64.8039,54.666256,0.98492485
MRT,mean_building_height,13,0.387663006,0.956983436,0.000704107,40.541843,33.56245,66.01387,57.242165,2.295845
MRT,mean_building_height,14,0.369302428,0.973476827,3.93E-05,35.90558,30.916485,67.768616,57.527584,4.349506
MRT,mean_building_height,15,1.054517847,0.852716147,2.46E-06,37.888226,30.408379,69.79076,56.805546,1.7003468
MRT,mean_building_height,16,1.11919283,0.797585147,9.18E-05,37.717678,31.665348,63.201992,52.270844,1.3730094
MRT,mean_building_height,17,1.007449415,0.865531622,9.47E-05,37.465744,30.315516,71.262985,52.61126,1.3716372
MRT,mean_building_height,18,0.394769192,0.952828935,1.38E-06,32.19445,28.622053,76.283005,34.36777,0.98473024
MRT,mean_building_height,19,0.791584423,0.978207483,1.72E-10,30.558544,27.523672,83.82451,30.866632,0.9851383
MRT,tree_proportion,8,-0.195894339,0.648296362,9.64E-05,29.9497,26.759344,91.58767,27.853554,0.95330864
MRT,tree_proportion,9,-0.214659786,0.694449538,1.75E-05,34.190483,28.674576,84.249275,37.33753,0.640349
MRT,tree_proportion,10,1.207397186,0.984591805,0.079227808,36.493423,30.680185,77.313,44.759624,1.373024
MRT,tree_proportion,11,1.096006532,0.981871249,0.085977554,38.05563,31.747183,70.24854,49.240795,1.3792592
MRT,tree_proportion,12,-0.157687992,0.533001865,0.000876788,40.744576,33.075314,64.8039,54.666256,0.98492485
MRT,tree_proportion,13,2.866970819,,,40.541843,33.56245,66.01387,57.242165,2.295845
MRT,tree_proportion,14,-0.136255876,0.48488326,0.001901126,35.90558,30.916485,67.768616,57.527584,4.349506
MRT,tree_proportion,15,-0.217451953,0.739954956,4.69E-06,37.888226,30.408379,69.79076,56.805546,1.7003468
MRT,tree_proportion,16,-0.197539982,0.722435108,7.98E-06,37.717678,31.665348,63.201992,52.270844,1.3730094
MRT,tree_proportion,17,-0.358613753,0.886333841,5.77E-09,37.465744,30.315516,71.262985,52.61126,1.3716372
MRT,tree_proportion,18,-0.386886257,0.974932047,8.62E-12,32.19445,28.622053,76.283005,34.36777,0.98473024
MRT,tree_proportion,19,0.756571416,0.963634748,0.002975943,30.558544,27.523672,83.82451,30.866632,0.9851383
MRT,building_proportion,8,1.223953573,0.869633649,9.82E-06,29.9497,26.759344,91.58767,27.853554,0.95330864
MRT,building_proportion,9,0.895503473,0.854323833,2.31E-06,34.190483,28.674576,84.249275,37.33753,0.640349
MRT,building_proportion,10,0.841688852,0.798497621,7.18E-06,36.493423,30.680185,77.313,44.759624,1.373024
MRT,building_proportion,11,0.718379574,0.891098439,4.00E-08,38.05563,31.747183,70.24854,49.240795,1.3792592
MRT,building_proportion,12,0.79515383,0.848522183,1.55E-07,40.744576,33.075314,64.8039,54.666256,0.98492485
MRT,building_proportion,13,0.835346157,0.846657512,1.70E-07,40.541843,33.56245,66.01387,57.242165,2.295845
MRT,building_proportion,14,0.796743068,0.836533661,2.76E-07,35.90558,30.916485,67.768616,57.527584,4.349506
MRT,building_proportion,15,0.865552708,0.862982669,2.02E-07,37.888226,30.408379,69.79076,56.805546,1.7003468
MRT,building_proportion,16,1.26138676,0.774377995,3.31E-05,37.717678,31.665348,63.201992,52.270844,1.3730094
MRT,building_proportion,17,0.77785493,0.835983999,0.000212372,37.465744,30.315516,71.262985,52.61126,1.3716372
MRT,building_proportion,18,0.437663098,0.935293224,4.17E-09,32.19445,28.622053,76.283005,34.36777,0.98473024
MRT,building_proportion,19,0.612312406,0.963002815,1.73E-08,30.558544,27.523672,83.82451,30.866632,0.9851383
MRT,st1_proportion,8,0.76017714,0.895607267,9.52E-08,29.9497,26.759344,91.58767,27.853554,0.95330864
MRT,st1_proportion,9,0.58253168,0.886551978,1.64E-07,34.190483,28.674576,84.249275,37.33753,0.640349
MRT,st1_proportion,10,0.692688549,0.81546271,1.67E-06,36.493423,30.680185,77.313,44.759624,1.373024
MRT,st1_proportion,11,0.509087913,0.887086575,1.68E-08,38.05563,31.747183,70.24854,49.240795,1.3792592
MRT,st1_proportion,12,0.441903036,0.903191744,5.25E-09,40.744576,33.075314,64.8039,54.666256,0.98492485
MRT,st1_proportion,13,0.393891352,0.925118972,7.57E-10,40.541843,33.56245,66.01387,57.242165,2.295845
MRT,st1_proportion,14,0.380678386,0.918096606,1.49E-09,35.90558,30.916485,67.768616,57.527584,4.349506
MRT,st1_proportion,15,0.364373065,0.917006447,5.90E-09,37.888226,30.408379,69.79076,56.805546,1.7003468
MRT,st1_proportion,16,0.377701038,0.936305413,9.17E-10,37.717678,31.665348,63.201992,52.270844,1.3730094
MRT,st1_proportion,17,0.411505184,0.935663134,4.02E-09,37.465744,30.315516,71.262985,52.61126,1.3716372
MRT,st1_proportion,18,0.524930562,0.982789322,0.083759255,32.19445,28.622053,76.283005,34.36777,0.98473024
MRT,st1_proportion,19,0.45279401,0.971101663,3.57E-12,30.558544,27.523672,83.82451,30.866632,0.9851383
MRT,st2_proportion,8,0.192432513,0.997418856,0.001291406,29.9497,26.759344,91.58767,27.853554,0.95330864
MRT,st2_proportion,9,0.107439396,0.978722956,1.18E-15,34.190483,28.674576,84.249275,37.33753,0.640349
MRT,st2_proportion,10,0.124453094,0.985619837,4.21E-17,36.493423,30.680185,77.313,44.759624,1.373024
MRT,st2_proportion,11,0.143731049,0.982417304,2.33E-16,38.05563,31.747183,70.24854,49.240795,1.3792592
MRT,st2_proportion,12,0.153490564,0.988912951,4.61E-18,40.744576,33.075314,64.8039,54.666256,0.98492485
MRT,st2_proportion,13,0.148794302,0.986787626,2.05E-17,40.541843,33.56245,66.01387,57.242165,2.295845
MRT,st2_proportion,14,0.158344426,0.98345929,1.38E-16,35.90558,30.916485,67.768616,57.527584,4.349506
MRT,st2_proportion,15,0.161284279,0.989753973,2.36E-18,37.888226,30.408379,69.79076,56.805546,1.7003468
MRT,st2_proportion,16,0.16382839,0.989361612,3.24E-18,37.717678,31.665348,63.201992,52.270844,1.3730094
MRT,st2_proportion,17,0.13843365,0.975801555,2.33E-14,37.465744,30.315516,71.262985,52.61126,1.3716372
MRT,st2_proportion,18,0.347752895,0.997370959,3.09E-14,32.19445,28.622053,76.283005,34.36777,0.98473024
MRT,st2_proportion,19,1.237684432,0.979209945,7.03E-09,30.558544,27.523672,83.82451,30.866632,0.9851383
MRT,st3_proportion,8,3.085466532,0.896388472,0.053222058,29.9497,26.759344,91.58767,27.853554,0.95330864
MRT,st3_proportion,9,2.106223475,0.961412645,0.125874007,34.190483,28.674576,84.249275,37.33753,0.640349
MRT,st3_proportion,10,3.54055062,0.870591555,0.066945042,36.493423,30.680185,77.313,44.759624,1.373024
MRT,st3_proportion,11,2.297007896,0.953306854,0.023625659,38.05563,31.747183,70.24854,49.240795,1.3792592
MRT,st3_proportion,12,3.176708834,0.881547953,0.061092149,40.744576,33.075314,64.8039,54.666256,0.98492485
MRT,st3_proportion,13,3.927917077,0.875989968,0.064056642,40.541843,33.56245,66.01387,57.242165,2.295845
MRT,st3_proportion,14,3.366900105,0.906115486,0.048099015,35.90558,30.916485,67.768616,57.527584,4.349506
MRT,st3_proportion,15,2.264352288,0.957265489,0.132559959,37.888226,30.408379,69.79076,56.805546,1.7003468
MRT,st3_proportion,16,2.237868253,0.960396033,0.127543596,37.717678,31.665348,63.201992,52.270844,1.3730094
MRT,st3_proportion,17,2.414965359,0.971249533,0.108469065,37.465744,30.315516,71.262985,52.61126,1.3716372
MRT,st3_proportion,18,3.382776483,0.985158994,0.007448241,32.19445,28.622053,76.283005,34.36777,0.98473024
MRT,st3_proportion,19,0.281452566,,,30.558544,27.523672,83.82451,30.866632,0.9851383
MRT,st5_proportion,8,0.363043917,0.930799681,0.000438728,29.9497,26.759344,91.58767,27.853554,0.95330864
MRT,st5_proportion,9,0.487965587,0.964062108,8.42E-05,34.190483,28.674576,84.249275,37.33753,0.640349
MRT,st5_proportion,10,0.226027368,0.944918929,5.33E-05,36.493423,30.680185,77.313,44.759624,1.373024
MRT,st5_proportion,11,0.154808813,0.934140175,9.16E-05,38.05563,31.747183,70.24854,49.240795,1.3792592
MRT,st5_proportion,12,0.30353953,0.97035838,8.23E-06,40.744576,33.075314,64.8039,54.666256,0.98492485
MRT,st5_proportion,13,0.166043785,0.905189314,2.30E-05,40.541843,33.56245,66.01387,57.242165,2.295845
MRT,st5_proportion,14,0.206386991,0.948474138,9.22E-06,35.90558,30.916485,67.768616,57.527584,4.349506
MRT,st5_proportion,15,0.261583918,0.936849077,1.89E-05,37.888226,30.408379,69.79076,56.805546,1.7003468
MRT,st5_proportion,16,0.155078405,0.837118744,0.000206447,37.717678,31.665348,63.201992,52.270844,1.3730094
MRT,st5_proportion,17,0.134305546,0.942228182,3.12E-06,37.465744,30.315516,71.262985,52.61126,1.3716372
MRT,st5_proportion,18,-0.109673321,0.668529615,0.000109404,32.19445,28.622053,76.283005,34.36777,0.98473024
MRT,st5_proportion,19,-0.283177866,0.948238638,4.70E-11,30.558544,27.523672,83.82451,30.866632,0.9851383
wind_speed,mean_tree_height,8,-0.191015468,0.886106997,5.18E-07,29.9497,26.759344,91.58767,27.853554,0.95330864
wind_speed,mean_tree_height,9,-0.160211363,0.874148423,3.24E-07,34.190483,28.674576,84.249275,37.33753,0.640349
wind_speed,mean_tree_height,10,-0.338461799,0.928977781,4.58E-07,36.493423,30.680185,77.313,44.759624,1.373024
wind_speed,mean_tree_height,11,-0.3066793,0.925066324,6.00E-07,38.05563,31.747183,70.24854,49.240795,1.3792592
wind_speed,mean_tree_height,12,-0.241803666,0.953259042,1.16E-08,40.744576,33.075314,64.8039,54.666256,0.98492485
wind_speed,mean_tree_height,13,-0.436179103,0.881333442,1.86E-05,40.541843,33.56245,66.01387,57.242165,2.295845
wind_speed,mean_tree_height,14,-0.484491351,0.952721926,1.39E-06,35.90558,30.916485,67.768616,57.527584,4.349506
wind_speed,mean_tree_height,15,-0.273934578,0.942347255,1.61E-07,37.888226,30.408379,69.79076,56.805546,1.7003468
wind_speed,mean_tree_height,16,-0.291075399,0.95417825,5.07E-08,37.717678,31.665348,63.201992,52.270844,1.3730094
wind_speed,mean_tree_height,17,-0.295765045,0.957389626,3.52E-08,37.465744,30.315516,71.262985,52.61126,1.3716372
wind_speed,mean_tree_height,18,-0.24180738,0.943802412,3.20E-08,32.19445,28.622053,76.283005,34.36777,0.98473024
wind_speed,mean_tree_height,19,-0.244899225,0.944436379,3.01E-08,30.558544,27.523672,83.82451,30.866632,0.9851383
wind_speed,mean_building_height,8,-0.739959958,0.888152365,1.56E-08,29.9497,26.759344,91.58767,27.853554,0.95330864
wind_speed,mean_building_height,9,-0.718084769,0.879015652,2.83E-08,34.190483,28.674576,84.249275,37.33753,0.640349
wind_speed,mean_building_height,10,-0.825191036,0.900190287,6.61E-09,36.493423,30.680185,77.313,44.759624,1.373024
wind_speed,mean_building_height,11,-0.872898174,0.896883911,8.46E-09,38.05563,31.747183,70.24854,49.240795,1.3792592
wind_speed,mean_building_height,12,-0.77775407,0.899173401,7.14E-09,40.744576,33.075314,64.8039,54.666256,0.98492485
wind_speed,mean_building_height,13,-0.9455864,0.90744732,3.74E-09,40.541843,33.56245,66.01387,57.242165,2.295845
wind_speed,mean_building_height,14,-0.89226755,0.921898262,5.30E-08,35.90558,30.916485,67.768616,57.527584,4.349506
wind_speed,mean_building_height,15,-0.712057854,0.863517048,7.04E-08,37.888226,30.408379,69.79076,56.805546,1.7003468
wind_speed,mean_building_height,16,-0.720208478,0.890970402,1.29E-08,37.717678,31.665348,63.201992,52.270844,1.3730094
wind_speed,mean_building_height,17,-0.722783054,0.895750782,9.19E-09,37.465744,30.315516,71.262985,52.61126,1.3716372
wind_speed,mean_building_height,18,-0.839060462,0.896813408,8.50E-09,32.19445,28.622053,76.283005,34.36777,0.98473024
wind_speed,mean_building_height,19,-0.835085214,0.897078816,8.34E-09,30.558544,27.523672,83.82451,30.866632,0.9851383
wind_speed,tree_proportion,8,-0.429131543,0.841259603,3.88E-06,29.9497,26.759344,91.58767,27.853554,0.95330864
wind_speed,tree_proportion,9,-0.374000584,0.840146114,4.05E-06,34.190483,28.674576,84.249275,37.33753,0.640349
wind_speed,tree_proportion,10,-0.508599521,0.84819172,2.12E-05,36.493423,30.680185,77.313,44.759624,1.373024
wind_speed,tree_proportion,11,-0.512067504,0.847550297,2.17E-05,38.05563,31.747183,70.24854,49.240795,1.3792592
wind_speed,tree_proportion,12,-0.492027399,0.871843442,3.08E-06,40.744576,33.075314,64.8039,54.666256,0.98492485
wind_speed,tree_proportion,13,-0.520738922,0.807742258,7.06E-05,40.541843,33.56245,66.01387,57.242165,2.295845
wind_speed,tree_proportion,14,-0.528842194,0.835251358,3.22E-05,35.90558,30.916485,67.768616,57.527584,4.349506
wind_speed,tree_proportion,15,-0.499928254,0.852614226,1.83E-05,37.888226,30.408379,69.79076,56.805546,1.7003468
wind_speed,tree_proportion,16,-0.512395987,0.862764827,1.27E-05,37.717678,31.665348,63.201992,52.270844,1.3730094
wind_speed,tree_proportion,17,-0.514500473,0.865399474,1.15E-05,37.465744,30.315516,71.262985,52.61126,1.3716372
wind_speed,tree_proportion,18,-0.492527403,0.867822237,3.66E-06,32.19445,28.622053,76.283005,34.36777,0.98473024
wind_speed,tree_proportion,19,-0.493645146,0.869063686,3.47E-06,30.558544,27.523672,83.82451,30.866632,0.9851383
wind_speed,building_proportion,8,0.711694325,0.933776748,7.93E-08,29.9497,26.759344,91.58767,27.853554,0.95330864
wind_speed,building_proportion,9,0.528743486,0.939228556,2.09E-07,34.190483,28.674576,84.249275,37.33753,0.640349
wind_speed,building_proportion,10,0.918037348,0.94984257,7.98E-08,36.493423,30.680185,77.313,44.759624,1.373024
wind_speed,building_proportion,11,0.998339893,0.979536167,6.54E-09,38.05563,31.747183,70.24854,49.240795,1.3792592
wind_speed,building_proportion,12,0.747386242,0.970115316,5.94E-09,40.744576,33.075314,64.8039,54.666256,0.98492485
wind_speed,building_proportion,13,1.017145195,0.911200835,4.98E-06,40.541843,33.56245,66.01387,57.242165,2.295845
wind_speed,building_proportion,14,0.943871523,0.913890754,1.56E-05,35.90558,30.916485,67.768616,57.527584,4.349506
wind_speed,building_proportion,15,1.646221034,0.953639881,3.17E-05,37.888226,30.408379,69.79076,56.805546,1.7003468
wind_speed,building_proportion,16,0.887509173,0.957038072,3.67E-08,37.717678,31.665348,63.201992,52.270844,1.3730094
wind_speed,building_proportion,17,0.843304854,0.970440448,5.62E-09,37.465744,30.315516,71.262985,52.61126,1.3716372
wind_speed,building_proportion,18,0.824254207,0.966473086,1.06E-08,32.19445,28.622053,76.283005,34.36777,0.98473024
wind_speed,building_proportion,19,0.841788619,0.967142505,9.56E-09,30.558544,27.523672,83.82451,30.866632,0.9851383
wind_speed,st1_proportion,8,0.676506515,0.930049021,1.07E-07,29.9497,26.759344,91.58767,27.853554,0.95330864
wind_speed,st1_proportion,9,0.613675767,0.945129603,2.81E-08,34.190483,28.674576,84.249275,37.33753,0.640349
wind_speed,st1_proportion,10,0.70410401,0.900833092,7.42E-07,36.493423,30.680185,77.313,44.759624,1.373024
wind_speed,st1_proportion,11,0.706468725,0.899773115,7.87E-07,38.05563,31.747183,70.24854,49.240795,1.3792592
wind_speed,st1_proportion,12,0.676093326,0.922458608,1.90E-07,40.744576,33.075314,64.8039,54.666256,0.98492485
wind_speed,st1_proportion,13,0.643774248,0.867161997,3.76E-06,40.541843,33.56245,66.01387,57.242165,2.295845
wind_speed,st1_proportion,14,0.624387297,0.846285209,8.49E-06,35.90558,30.916485,67.768616,57.527584,4.349506
wind_speed,st1_proportion,15,0.85218368,0.90179946,7.03E-07,37.888226,30.408379,69.79076,56.805546,1.7003468
wind_speed,st1_proportion,16,0.755418419,0.907033389,5.19E-07,37.717678,31.665348,63.201992,52.270844,1.3730094
wind_speed,st1_proportion,17,0.740500875,0.905295594,5.75E-07,37.465744,30.315516,71.262985,52.61126,1.3716372
wind_speed,st1_proportion,18,0.683757397,0.91472695,3.21E-07,32.19445,28.622053,76.283005,34.36777,0.98473024
wind_speed,st1_proportion,19,0.690112909,0.912440235,3.72E-07,30.558544,27.523672,83.82451,30.866632,0.9851383
wind_speed,st2_proportion,8,-0.089914822,0.622122045,0.000100296,29.9497,26.759344,91.58767,27.853554,0.95330864
wind_speed,st2_proportion,9,-0.104352698,0.671604502,3.16E-05,34.190483,28.674576,84.249275,37.33753,0.640349
wind_speed,st2_proportion,10,-0.056540699,0.507403841,0.000910418,36.493423,30.680185,77.313,44.759624,1.373024
wind_speed,st2_proportion,11,-0.059187838,0.52429772,0.000679428,38.05563,31.747183,70.24854,49.240795,1.3792592
wind_speed,st2_proportion,12,-0.067865368,0.558078915,0.000367274,40.744576,33.075314,64.8039,54.666256,0.98492485
wind_speed,st2_proportion,13,0.24374913,0.999958555,2.07E-05,40.541843,33.56245,66.01387,57.242165,2.295845
wind_speed,st2_proportion,14,-0.003707356,0.009951132,0.734384711,35.90558,30.916485,67.768616,57.527584,4.349506
wind_speed,st2_proportion,15,-0.048080937,0.389630602,0.005626234,37.888226,30.408379,69.79076,56.805546,1.7003468
wind_speed,st2_proportion,16,-0.051470032,0.409712046,0.00422034,37.717678,31.665348,63.201992,52.270844,1.3730094
wind_speed,st2_proportion,17,-0.05302105,0.422081065,0.003520672,37.465744,30.315516,71.262985,52.61126,1.3716372
wind_speed,st2_proportion,18,-0.06895741,0.577784398,0.000251319,32.19445,28.622053,76.283005,34.36777,0.98473024
wind_speed,st2_proportion,19,-0.067875724,0.571959047,0.000281624,30.558544,27.523672,83.82451,30.866632,0.9851383
wind_speed,st3_proportion,8,0.964224596,0.998681659,0.023120092,29.9497,26.759344,91.58767,27.853554,0.95330864
wind_speed,st3_proportion,9,0.966311644,0.998193178,0.027068779,34.190483,28.674576,84.249275,37.33753,0.640349
wind_speed,st3_proportion,10,1.504571409,0.992356501,0.055728975,36.493423,30.680185,77.313,44.759624,1.373024
wind_speed,st3_proportion,11,1.427237101,0.992580925,0.054902672,38.05563,31.747183,70.24854,49.240795,1.3792592
wind_speed,st3_proportion,12,1.203128285,0.994992763,0.045086064,40.744576,33.075314,64.8039,54.666256,0.98492485
wind_speed,st3_proportion,13,2.074568255,,,40.541843,33.56245,66.01387,57.242165,2.295845
wind_speed,st3_proportion,14,2.101323617,,,35.90558,30.916485,67.768616,57.527584,4.349506
wind_speed,st3_proportion,15,1.296636759,0.997741044,0.030268973,37.888226,30.408379,69.79076,56.805546,1.7003468
wind_speed,st3_proportion,16,1.29087221,0.997174425,0.033856208,37.717678,31.665348,63.201992,52.270844,1.3730094
wind_speed,st3_proportion,17,1.283532711,0.997205876,0.033667075,37.465744,30.315516,71.262985,52.61126,1.3716372
wind_speed,st3_proportion,18,1.225038033,0.99440161,0.047677972,32.19445,28.622053,76.283005,34.36777,0.98473024
wind_speed,st3_proportion,19,1.23255406,0.994405066,0.047663226,30.558544,27.523672,83.82451,30.866632,0.9851383
wind_speed,st5_proportion,8,0.191579165,0.962406941,0.00312911,29.9497,26.759344,91.58767,27.853554,0.95330864
wind_speed,st5_proportion,9,0.231405313,0.987932886,0.006051869,34.190483,28.674576,84.249275,37.33753,0.640349
wind_speed,st5_proportion,10,0.134504386,0.979797381,0.000154097,36.493423,30.680185,77.313,44.759624,1.373024
wind_speed,st5_proportion,11,0.133850176,0.978674731,0.000171765,38.05563,31.747183,70.24854,49.240795,1.3792592
wind_speed,st5_proportion,12,0.205751529,0.983769184,9.93E-05,40.744576,33.075314,64.8039,54.666256,0.98492485
wind_speed,st5_proportion,13,0.064687237,0.908163726,0.000897879,40.541843,33.56245,66.01387,57.242165,2.295845
wind_speed,st5_proportion,14,0.083181089,0.960932653,1.89E-05,35.90558,30.916485,67.768616,57.527584,4.349506
wind_speed,st5_proportion,15,0.138074809,0.981620636,0.00012746,37.888226,30.408379,69.79076,56.805546,1.7003468
wind_speed,st5_proportion,16,0.188451816,0.992608865,0.000270285,37.717678,31.665348,63.201992,52.270844,1.3730094
wind_speed,st5_proportion,17,0.195658028,0.993566096,0.000219453,37.465744,30.315516,71.262985,52.61126,1.3716372
wind_speed,st5_proportion,18,0.17858925,0.986150347,7.23E-05,32.19445,28.622053,76.283005,34.36777,0.98473024
wind_speed,st5_proportion,19,0.176625031,0.986201757,7.17E-05,30.558544,27.523672,83.82451,30.866632,0.9851383
